{"cameraMode":{"drawMode":0,"name":"Shaded","section":"Shading Mode"},"sceneLighting":true,"audioPlay":false,"sceneViewState":{"showFog":true,"showMaterialUpdate":false,"showSkybox":true,"showFlares":true,"showImageEffects":true,"showParticleSystems":true},"in2DMode":false,"pivot":{"x":372.0077819824219,"y":207.21682739257813,"z":-4.362560749053955},"rotation":{"x":-0.05083456262946129,"y":-0.0748322606086731,"z":-0.0038197662215679886,"w":0.9958915710449219},"size":400.64019775390627,"orthographic":true}